{"fairman2019marijuana": {"general": {"attr_to_inst": 1.703107489926119e-05, "cat_to_num": 0.0, "freq_class.mean": 0.16666666666666666, "freq_class.sd": 0.14470247838587796, "inst_to_attr": 58716.2, "nr_attr": 5, "nr_bin": 1, "nr_cat": 0, "nr_class": 6, "nr_inst": 293581, "nr_num": 5, "num_to_cat": null}, "statistical": {"can_cor.mean": 0.27323666640127386, "can_cor.sd": 0.37956564708808893, "cor.mean": 0.07406275721610567, "cor.sd": 0.1771369598863154, "cov.mean": 1.304644717701642, "cov.sd": 3.524904804376082, "eigenvalues.mean": 14.621120087611876, "eigenvalues.sd": 21.564255640650842, "g_mean.mean": null, "g_mean.sd": null, "gravity": 13.76146670705108, "h_mean.mean": 0.0, "h_mean.sd": 0.0, "iq_range.mean": 5.8, "iq_range.sd": 4.868264577855234, "kurtosis.mean": -1.316388250277453, "kurtosis.sd": 0.5530853223474288, "lh_trace": 8.64405359804705, "mad.mean": 2.9652000000000003, "mad.sd": 3.1450695413615257, "max.mean": 9.4, "max.sd": 7.368853370776216, "mean.mean": 3.862251984971779, "mean.sd": 2.992971847542306, "median.mean": 4.0, "median.sd": 4.527692569068709, "min.mean": 0.0, "min.sd": 0.0, "nr_cor_attr": 0.1, "nr_disc": 5, "nr_norm": 1.0, "nr_outliers": 0, "p_trace": 0.9495717011280036, "range.mean": 9.4, "range.sd": 7.368853370776216, "roy_root": 8.589078392532363, "sd.mean": 3.1637659684598214, "sd.sd": 2.400964645831791, "sd_ratio": 1.110047598819871, "skewness.mean": 0.23240652488599678, "skewness.sd": 0.49992378018674405, "sparsity.mean": 0.17584134858261163, "sparsity.sd": 0.1844815935639719, "t_mean.mean": 3.639869655802758, "t_mean.sd": 3.142390782055264, "var.mean": 14.621120087611851, "var.sd": 20.01485297669193, "w_lambda": 0.0987625612414452}, "info-theory": {"attr_conc.mean": 0.008614358887037692, "attr_conc.sd": 0.024789208781955833, "attr_ent.mean": 2.5171242952379385, "attr_ent.sd": 1.086706290676518, "class_conc.mean": 0.07817078162837117, "class_conc.sd": 0.14361375404460913, "class_ent": 2.1567101571814913, "eq_num_attr": 8.473202572599119, "joint_ent.mean": 4.419301394971244, "joint_ent.sd": 1.0027439889770196, "mut_inf.mean": 0.2545330574481863, "mut_inf.sd": 0.4321564861621098, "ns_ratio": 8.88918422020815}, "itemset": {"one_itemset.mean": 0.11111111111111109, "one_itemset.sd": 0.12959929569442002, "two_itemset.mean": 0.21220159151193635, "two_itemset.sd": 0.15211769593415295}}, "adult": {"general": {"attr_to_inst": 0.00042996222474739717, "cat_to_num": 1.3333333333333333, "freq_class.mean": 0.5, "freq_class.sd": 0.3665506390973169, "inst_to_attr": 2325.785714285714, "nr_attr": 14, "nr_bin": 1, "nr_cat": 8, "nr_class": 2, "nr_inst": 32561, "nr_num": 6, "num_to_cat": 0.75}, "statistical": {"can_cor.mean": 0.6075382184616811, "can_cor.sd": null, "cor.mean": 0.020575612632741463, "cor.sd": 0.04535153811741261, "cov.mean": 211.1074182124332, "cov.sd": 8025.120485282461, "eigenvalues.mean": 110846564.91990046, "eigenvalues.sd": 1108509665.939067, "g_mean.mean": 1586.32115786632, "g_mean.sd": 15933.907433185732, "gravity": 4511.757083547598, "h_mean.mean": 1251.6757800002574, "h_mean.sd": 12571.548183529578, "iq_range.mean": 1180.7722772277227, "iq_range.sd": 11863.197745870368, "kurtosis.mean": 834.6502878290377, "kurtosis.sd": 3300.235280828971, "lh_trace": 0.5850439987975836, "mad.mean": 879.4019881188119, "mad.sd": 8835.794743563976, "max.mean": 15736.237623762376, "max.sd": 147964.76551477704, "mean.mean": 1891.4795428899488, "mean.sd": 18882.70462422157, "median.mean": 1766.8019801980197, "median.sd": 17746.995603774634, "min.mean": 121.82178217821782, "min.sd": 1222.3854579962863, "nr_cor_attr": 0.0011881188118811883, "nr_disc": 1, "nr_norm": 3.0, "nr_outliers": 95, "p_trace": 0.36910268689159337, "range.mean": 15614.415841584158, "range.sd": 146745.1749871366, "roy_root": 0.5850439987975836, "sd.mean": 1122.5829209841374, "sd.sd": 10520.562543441738, "sd_ratio": null, "skewness.mean": 17.616097299843247, "skewness.sd": 23.04905261843532, "sparsity.mean": 0.09852711143124308, "sparsity.sd": 0.13239694804959984, "t_mean.mean": 1758.7537427080476, "t_mean.sd": 17665.95817440692, "var.mean": 110846564.91990048, "var.sd": 1108509663.0036533, "w_lambda": 0.6308973131084066}, "info-theory": {"attr_conc.mean": 0.03834148783690674, "attr_conc.sd": 0.13791611041574148, "attr_ent.mean": 2.2197528515718576, "attr_ent.sd": 1.5139967849269165, "class_conc.mean": 0.02703239097275378, "class_conc.sd": 0.03320210419262275, "class_ent": 0.7963839552022132, "eq_num_attr": 12.006187880013178, "joint_ent.mean": 2.9498056812610374, "joint_ent.sd": 1.5033030990636995, "mut_inf.mean": 0.0663311255130333, "mut_inf.sd": 0.05319818541302973, "ns_ratio": 32.464724658346135}, "itemset": {"one_itemset.mean": 0.07106598984771574, "one_itemset.sd": 0.155956043719432, "two_itemset.mean": 0.13962906444418358, "two_itemset.sd": 0.19991073911332466}}, "mushrooms": {"general": {"attr_to_inst": 0.0027080256031511572, "cat_to_num": 0.0, "freq_class.mean": 0.00012309207287050715, "freq_class.sd": 0.0, "inst_to_attr": 369.27272727272725, "nr_attr": 22, "nr_bin": 0, "nr_cat": 0, "nr_class": 8124, "nr_inst": 8124, "nr_num": 22, "num_to_cat": null}, "statistical": {"can_cor.mean": null, "can_cor.sd": null, "cor.mean": null, "cor.sd": null, "cov.mean": null, "cov.sd": null, "eigenvalues.mean": null, "eigenvalues.sd": null, "g_mean.mean": null, "g_mean.sd": null, "gravity": null, "h_mean.mean": null, "h_mean.sd": null, "iq_range.mean": null, "iq_range.sd": null, "kurtosis.mean": null, "kurtosis.sd": null, "lh_trace": null, "mad.mean": null, "mad.sd": null, "max.mean": null, "max.sd": null, "mean.mean": null, "mean.sd": null, "median.mean": null, "median.sd": null, "min.mean": null, "min.sd": null, "nr_cor_attr": 0.0, "nr_disc": null, "nr_norm": 22.0, "nr_outliers": 0, "p_trace": null, "range.mean": null, "range.sd": null, "roy_root": null, "sd.mean": null, "sd.sd": null, "sd_ratio": null, "skewness.mean": null, "skewness.sd": null, "sparsity.mean": 1.0, "sparsity.sd": 0.0, "t_mean.mean": null, "t_mean.sd": null, "var.mean": null, "var.sd": null, "w_lambda": null}, "info-theory": {"attr_conc.mean": 0.5, "attr_conc.sd": 0.0, "attr_ent.mean": 0.0, "attr_ent.sd": 0.0, "class_conc.mean": 0.5000203091753722, "class_conc.sd": 1.136349493877995e-16, "class_ent": 12.98797452429615, "eq_num_attr": -13847.43282808942, "joint_ent.mean": 12.98891245804066, "joint_ent.sd": 0.0, "mut_inf.mean": -0.000937933744509678, "mut_inf.sd": 0.0, "ns_ratio": -1.0}, "itemset": {"one_itemset.mean": 1.0, "one_itemset.sd": 0.0, "two_itemset.mean": 0.0, "two_itemset.sd": 0.0}}}